mutation,iface,ddG,ddG_fold,ddG_PIK3CG,ddG_RALGDS,ddG_SOS1,iptm0,iface_PAE0,iptm5,iface_PAE5,category,pos,wt,mt,d_vol,d_kd,d_chg,dist_iface,dist_gtp
A146F,distal,1.11,0.275,1.786,1.473,1.753,0.86,2.772222222222222,0.834,3.638518518518519,distal_disruptor,146,A,F,101.30000000000001,0.9999999999999998,0.0,12.049694477454604,2.7992309658190053
I21D,distal,1.165,-0.494,1.181,0.429,0.472,0.9,1.5185185185185182,0.892,1.6644444444444446,distal_disruptor,21,I,D,55.599999999999994,8.0,1.0,4.015623239299225,6.778890027135711
L19I,distal,-0.154,0.389,-0.052,-0.072,0.017,0.91,1.5724137931034483,0.902,1.5910344827586207,distal_nondisruptor,19,L,I,0.0,0.7000000000000002,0.0,9.672606163800943,5.046389699577313
L23R,distal,-0.182,0.061,-0.102,-0.242,0.773,0.9,1.5892857142857142,0.9,1.6439285714285714,distal_nondisruptor,23,L,R,6.700000000000017,8.3,1.0,7.708996886755112,10.804285492340528
Q22K,distal,-0.117,0.251,-0.088,0.003,0.221,0.91,1.5379310344827584,0.902,1.5379310344827586,distal_nondisruptor,22,Q,K,24.799999999999983,0.3999999999999999,1.0,7.343738897863949,7.651911525886849
R41A,distal,0.156,0.315,0.16,0.175,0.369,0.91,1.457142857142857,0.902,1.5375,distal_nondisruptor,41,R,A,84.80000000000001,6.3,1.0,3.030924776367768,15.7147948443497
R41D,distal,1.19,0.273,0.997,1.201,0.669,0.9,1.581481481481482,0.8939999999999999,1.6051851851851855,distal_disruptor,41,R,D,62.30000000000001,1.0,2.0,3.030924776367768,15.7147948443497
T20C,distal,0.169,0.336,0.475,0.356,-0.089,0.91,1.4793103448275862,0.908,1.561034482758621,distal_nondisruptor,20,T,C,7.599999999999994,3.2,0.0,6.741847076284065,6.873676818122889
D54K,distal,0.996,-0.153,-0.182,0.159,1.616,0.9,1.6642857142857144,0.898,1.7442857142857142,distal_disruptor,54,D,K,57.5,0.3999999999999999,2.0,5.216167750369998,15.36914577977579
I21K,distal,0.916,-0.452,1.845,0.391,-0.158,0.89,1.7403846153846152,0.8880000000000001,1.7634615384615384,distal_disruptor,21,I,K,1.9000000000000057,8.4,1.0,4.015623239299225,6.778890027135711
I93H,distal,1.061,0.983,,,,0.9,1.6910714285714288,0.8939999999999999,1.6853571428571428,distal_disruptor,93,I,H,13.5,7.7,0.1,21.04400346892197,10.816601222195445
L53D,distal,1.031,0.859,0.624,0.77,1.199,0.91,1.5035714285714286,0.902,1.5903571428571428,distal_disruptor,53,L,D,55.599999999999994,7.3,1.0,7.183065988837914,17.07823167075561
Q43C,distal,0.107,0.295,0.133,0.133,0.832,0.9,1.8,0.8960000000000001,1.7931034482758623,distal_nondisruptor,43,Q,C,35.30000000000001,6.0,0.0,8.561700181622808,20.330854113883166
T58R,distal,1.089,0.365,1.436,1.736,1.23,0.9,1.5655172413793106,0.9,1.5796551724137933,distal_disruptor,58,T,R,57.30000000000001,3.8,1.0,8.524664157607619,4.142124213492396
V44R,distal,-0.099,0.337,-0.124,-0.052,0.594,0.9,1.4962962962962962,0.898,1.5525925925925923,distal_nondisruptor,44,V,R,33.400000000000006,8.7,1.0,11.518059081286221,19.089041620783377
V45M,distal,-0.147,0.459,-0.093,-0.243,0.173,0.91,1.5672413793103452,0.9,1.6220689655172418,distal_nondisruptor,45,V,M,22.900000000000006,2.3000000000000003,0.0,15.240789513670217,22.174322627760244
C51V,distal,-0.17,0.167,-0.135,-0.104,0.243,0.91,1.4796296296296296,0.9,1.595925925925926,distal_nondisruptor,51,C,V,31.5,1.7000000000000002,0.0,11.47569226670008,22.7467409973385
I163H,distal,0.823,0.368,,,,0.9,1.5655172413793106,0.9,1.5779310344827586,distal_disruptor,163,I,H,13.5,7.7,0.1,15.322909939042257,19.621420259502113
I55A,distal,0.162,0.307,0.262,-0.19,0.233,0.91,1.4844827586206897,0.902,1.5927586206896551,distal_nondisruptor,55,I,A,78.1,2.7,0.0,6.788344422611451,10.983968408548888
L52A,distal,-0.138,0.062,-0.237,-0.156,0.429,0.91,1.4706896551724138,0.898,1.5951724137931036,distal_nondisruptor,52,L,A,78.1,1.9999999999999998,0.0,6.472360388606308,20.50549053302554
L56Y,distal,0.192,0.091,0.379,1.226,0.757,0.92,1.389655172413793,0.902,1.6427586206896554,distal_nondisruptor,56,L,Y,26.900000000000006,5.1,0.0,4.115864307773034,9.565630611726547
L79H,distal,0.879,0.986,0.493,1.246,0.85,0.91,1.4982142857142855,0.898,1.5989285714285717,distal_disruptor,79,L,H,13.5,7.0,0.1,14.81291801097947,9.595138456530995
N86W,distal,0.843,0.864,0.679,0.649,0.643,0.9,1.5517241379310347,0.898,1.5934482758620692,distal_disruptor,86,N,W,113.70000000000002,2.6,0.0,19.70766878654094,9.160965178407785
P140V,distal,0.744,0.252,,,,0.9,1.5724137931034483,0.8960000000000001,1.6310344827586207,distal_disruptor,140,P,V,27.299999999999997,5.800000000000001,0.0,23.95681725521986,16.805898042056544
R41E,distal,0.859,0.24,0.165,0.469,0.777,0.9,1.6160714285714286,0.892,1.6721428571428572,distal_disruptor,41,R,E,35.0,1.0,2.0,3.030924776367768,15.7147948443497
T50V,distal,-0.135,0.478,-0.065,-0.173,-0.305,0.9,1.6125000000000005,0.898,1.6139285714285716,distal_nondisruptor,50,T,V,23.900000000000006,4.9,0.0,13.930585953218191,26.30375687995918
C80L,distal,-0.098,-0.081,-0.004,-0.127,-0.17,0.91,1.529310344827586,0.902,1.629310344827586,distal_nondisruptor,80,C,L,58.19999999999999,1.2999999999999998,0.0,17.241593922836717,9.797659618500738
F141E,distal,0.694,0.275,,,,0.9,1.6310344827586207,0.898,1.6313793103448275,distal_disruptor,141,F,E,51.5,6.3,1.0,24.566947917883493,12.485673790388727
F78V,distal,0.16,0.188,0.504,0.304,0.221,0.91,1.4866666666666668,0.904,1.4986666666666664,distal_nondisruptor,78,F,V,49.900000000000006,1.4000000000000004,0.0,11.655266406221694,13.307816124368415
L79I,distal,-0.168,0.129,-0.099,-0.077,-0.03,0.9,1.7241379310344829,0.8960000000000001,1.7106896551724138,distal_nondisruptor,79,L,I,0.0,0.7000000000000002,0.0,14.81291801097947,9.595138456530995
N86I,distal,0.715,0.665,0.43,0.561,0.542,0.9,1.5803571428571428,0.8939999999999999,1.6517857142857142,distal_disruptor,86,N,I,52.599999999999994,8.0,0.0,19.70766878654094,9.160965178407785
T58L,distal,0.116,0.324,1.227,1.19,1.077,0.9,1.7586206896551724,0.8960000000000001,1.7675862068965518,distal_nondisruptor,58,T,L,50.599999999999994,4.5,0.0,8.524664157607619,4.142124213492396
V7R,distal,0.738,0.115,-0.178,-0.205,0.607,0.9,1.5620689655172413,0.898,1.6624137931034482,distal_disruptor,7,V,R,33.400000000000006,8.7,1.0,8.498954406278457,11.134940008819088
D54I,distal,1.119,0.598,0.228,0.32,1.285,0.9,1.775,0.892,1.775357142857143,distal_disruptor,54,D,I,55.599999999999994,8.0,1.0,5.216167750369998,15.36914577977579
D57G,distal,3.07,0.343,1.802,2.316,1.646,0.89,1.8586206896551725,0.884,2.1251724137931034,distal_disruptor,57,D,G,50.99999999999999,3.1,1.0,7.047539712552176,4.627065268612492
G77A,distal,-0.217,0.154,-0.19,-0.142,-0.237,0.91,1.5120689655172412,0.902,1.5606896551724136,distal_nondisruptor,77,G,A,28.499999999999993,2.2,0.0,12.44682698521997,15.230862812066821
H95R,distal,-0.168,0.081,-0.138,-0.183,-0.097,0.9,1.5625,0.898,1.6292857142857144,distal_nondisruptor,95,H,R,20.200000000000017,1.2999999999999998,0.9,19.377110981774344,12.67913317226379
I55E,distal,2.52,0.326,1.334,1.953,2.063,0.9,1.5814814814814813,0.8939999999999999,1.628888888888889,distal_disruptor,55,I,E,28.299999999999983,8.0,1.0,6.788344422611451,10.983968408548888
L56K,distal,0.873,-0.009,-0.089,0.472,1.35,0.91,1.5224137931034485,0.902,1.6003448275862069,distal_disruptor,56,L,K,1.9000000000000057,7.699999999999999,1.0,4.115864307773034,9.565630611726547
M111K,distal,0.772,0.73,0.459,0.778,0.494,0.91,1.5206896551724138,0.908,1.546896551724138,distal_disruptor,111,M,K,5.699999999999989,5.8,1.0,18.36846016954061,16.75997771478232
S17N,distal,3.038,0.031,1.977,2.388,1.945,0.9,1.6535714285714287,0.8939999999999999,1.7542857142857144,distal_disruptor,17,S,N,25.099999999999994,2.7,0.0,7.493647776617208,2.9367446262826458
T2D,distal,-0.204,0.242,-0.154,-0.207,-0.104,0.9,1.6017857142857146,0.8960000000000001,1.633214285714286,distal_nondisruptor,2,T,D,5.0,2.8,1.0,11.179209319088717,24.403209706921754
V125L,distal,0.095,0.118,0.057,0.035,0.083,0.9,1.582142857142857,0.898,1.6339285714285716,distal_nondisruptor,125,V,L,26.69999999999999,0.40000000000000036,0.0,26.978746783347813,13.26558596519581
A11C,distal,-0.14,0.374,-0.112,-0.144,-0.2,0.91,1.4672413793103447,0.902,1.579655172413793,distal_nondisruptor,11,A,C,19.900000000000006,0.7,0.0,15.281803100419793,3.865539807064467
A59I,distal,1.287,0.531,1.505,2.107,-0.6,0.9,1.7965517241379312,0.892,1.8427586206896556,distal_disruptor,59,A,I,78.1,2.7,0.0,9.040825183576995,3.980191452681642
D57R,distal,2.799,0.572,1.8,2.136,1.911,0.79,6.4,0.774,7.246538461538461,distal_disruptor,57,D,R,62.30000000000001,1.0,2.0,7.047539712552176,4.627065268612492
L6I,distal,-0.185,0.23,-0.075,-0.254,-0.111,0.9,1.5344827586206895,0.8960000000000001,1.617586206896552,distal_nondisruptor,6,L,I,0.0,0.7000000000000002,0.0,8.678160749836339,13.286933807316117
T20F,distal,2.71,0.305,2.141,2.318,0.404,0.81,4.025,0.7900000000000001,5.432083333333333,distal_disruptor,20,T,F,73.80000000000001,3.5,0.0,6.741847076284065,6.873676818122889
T20W,distal,2.531,0.267,1.756,2.15,1.48,0.84,2.9420000000000006,0.8379999999999999,2.9376,distal_disruptor,20,T,W,111.70000000000002,0.20000000000000007,0.0,6.741847076284065,6.873676818122889
V7A,distal,0.179,0.447,-0.109,-0.039,0.168,0.9,1.6017857142857144,0.898,1.6564285714285714,distal_nondisruptor,7,V,A,51.400000000000006,2.4000000000000004,0.0,8.498954406278457,11.134940008819088
G12C,distal,0.04,0.336,0.013,-0.102,-0.166,0.9,1.622222222222223,0.8939999999999999,1.675925925925926,distal_nondisruptor,12,G,C,48.4,2.9,0.0,13.311343470889781,3.525049361356519
G13D,distal,-0.172,0.225,-0.149,-0.058,-0.085,0.9,1.6611111111111114,0.8939999999999999,1.6544444444444448,distal_nondisruptor,13,G,D,50.99999999999999,3.1,1.0,13.636981374189817,2.9749403355361603
I55R,distal,2.457,0.577,2.022,2.261,1.47,0.89,1.638,0.884,1.6652,distal_disruptor,55,I,R,6.700000000000017,9.0,1.0,6.788344422611451,10.983968408548888
K16L,distal,2.027,0.797,1.903,2.244,1.301,0.91,1.4392857142857145,0.904,1.5585714285714285,distal_disruptor,16,K,L,1.9000000000000057,7.699999999999999,1.0,10.633596193198237,2.5355904637776194
S17R,distal,2.193,0.432,1.117,1.947,1.825,0.89,1.8203703703703704,0.89,1.8414814814814815,distal_disruptor,17,S,R,84.4,3.7,1.0,7.493647776617208,2.9367446262826458
V9C,distal,0.171,0.241,-0.064,-0.084,0.298,0.9,1.5844827586206898,0.9,1.6168965517241385,distal_nondisruptor,9,V,C,31.5,1.7000000000000002,0.0,12.300553239590485,7.126986600239964
I24C,distal,0.135,0.26,0.542,0.085,-0.013,0.91,1.4672413793103452,0.906,1.5065517241379314,distal_nondisruptor,24,I,C,58.19999999999999,2.0,0.0,3.9351026670215354,12.227140098976538
K42A,distal,0.089,0.328,0.193,0.107,0.077,0.91,1.553448275862069,0.902,1.5768965517241376,distal_nondisruptor,42,K,A,80.0,5.7,1.0,5.741761228055378,16.457818324431706
A18C,distal,0.127,0.297,-0.062,-0.013,0.32,0.9,1.6758620689655173,0.898,1.6782758620689655,distal_nondisruptor,18,A,C,19.900000000000006,0.7,0.0,8.774151639902287,2.828995227991734
A18F,distal,1.902,0.63,1.815,1.84,1.94,0.87,2.269230769230769,0.844,3.0534615384615384,distal_disruptor,18,A,F,101.30000000000001,0.9999999999999998,0.0,8.774151639902287,2.828995227991734
A18L,distal,1.513,0.56,1.819,1.581,1.99,0.9,1.7620689655172417,0.892,1.9741379310344829,distal_disruptor,18,A,L,78.1,1.9999999999999998,0.0,8.774151639902287,2.828995227991734
A59L,distal,1.295,0.645,1.667,2.091,-0.942,0.9,1.7310344827586206,0.8859999999999999,1.9803448275862068,distal_disruptor,59,A,L,78.1,1.9999999999999998,0.0,9.040825183576995,3.980191452681642
K16S,distal,0.133,0.47,-0.079,-0.08,0.48,0.9,1.5683333333333331,0.898,1.611,distal_nondisruptor,16,K,S,79.6,3.0999999999999996,1.0,10.633596193198237,2.5355904637776194
K16V,distal,1.822,0.621,1.571,2.082,1.838,0.9,1.6241379310344828,0.8939999999999999,1.709310344827586,distal_disruptor,16,K,V,28.599999999999994,8.1,1.0,10.633596193198237,2.5355904637776194
T58K,distal,1.118,0.687,1.208,1.561,0.895,0.91,1.5362068965517244,0.902,1.6113793103448273,distal_disruptor,58,T,K,52.5,3.2,1.0,8.524664157607619,4.142124213492396
V14G,distal,-0.132,0.438,-0.065,-0.113,0.074,0.91,1.443103448275862,0.904,1.5182758620689654,distal_nondisruptor,14,V,G,79.9,4.6000000000000005,0.0,15.420487962447883,3.2566960251150245
