mutation,iface,ddG,ddG_fold,ddG_PIK3CG,ddG_RALGDS,ddG_SOS1,iptm0,iface_PAE0,iptm5,iface_PAE5,category
A146F,distal,1.11,0.275,1.786,1.473,1.753,0.86,2.772222222222222,0.834,3.6385185185185187,distal_disruptor
I21D,distal,1.165,-0.494,1.181,0.429,0.472,0.9,1.5185185185185182,0.892,1.6644444444444446,distal_disruptor
L19I,distal,-0.154,0.389,-0.052,-0.072,0.017,0.91,1.5724137931034485,0.9019999999999999,1.5910344827586207,distal_nondisruptor
L23R,distal,-0.182,0.061,-0.102,-0.242,0.773,0.9,1.5892857142857142,0.9,1.6439285714285714,distal_nondisruptor
Q22K,distal,-0.117,0.251,-0.088,0.003,0.221,0.91,1.5379310344827584,0.9019999999999999,1.5379310344827586,distal_nondisruptor
R41A,distal,0.156,0.315,0.16,0.175,0.369,0.91,1.457142857142857,0.9019999999999999,1.5374999999999999,distal_nondisruptor
R41D,distal,1.19,0.273,0.997,1.201,0.669,0.9,1.581481481481482,0.8939999999999999,1.6051851851851855,distal_disruptor
T20C,distal,0.169,0.336,0.475,0.356,-0.089,0.91,1.4793103448275862,0.908,1.5610344827586207,distal_nondisruptor
D54K,distal,0.996,-0.153,-0.182,0.159,1.616,0.9,1.6642857142857144,0.898,1.7442857142857142,distal_disruptor
I21K,distal,0.916,-0.452,1.845,0.391,-0.158,0.89,1.7403846153846152,0.8880000000000001,1.7634615384615384,distal_disruptor
I93H,distal,1.061,0.983,,,,0.9,1.6910714285714288,0.8939999999999999,1.6853571428571428,distal_disruptor
L53D,distal,1.031,0.859,0.624,0.77,1.199,0.91,1.5035714285714286,0.9019999999999999,1.5903571428571428,distal_disruptor
Q43C,distal,0.107,0.295,0.133,0.133,0.832,0.9,1.8,0.8960000000000001,1.7931034482758623,distal_nondisruptor
T58R,distal,1.089,0.365,1.436,1.736,1.23,0.9,1.5655172413793106,0.9,1.5796551724137933,distal_disruptor
V44R,distal,-0.099,0.337,-0.124,-0.052,0.594,0.9,1.4962962962962962,0.898,1.5525925925925925,distal_nondisruptor
V45M,distal,-0.147,0.459,-0.093,-0.243,0.173,0.91,1.5672413793103452,0.9,1.6220689655172418,distal_nondisruptor
C51V,distal,-0.17,0.167,-0.135,-0.104,0.243,0.91,1.4796296296296296,0.9,1.595925925925926,distal_nondisruptor
I163H,distal,0.823,0.368,,,,0.9,1.5655172413793106,0.9,1.5779310344827586,distal_disruptor
I55A,distal,0.162,0.307,0.262,-0.19,0.233,0.91,1.4844827586206895,0.9019999999999999,1.5927586206896553,distal_nondisruptor
L52A,distal,-0.138,0.062,-0.237,-0.156,0.429,0.91,1.4706896551724138,0.898,1.5951724137931036,distal_nondisruptor
L56Y,distal,0.192,0.091,0.379,1.226,0.757,0.92,1.3896551724137933,0.9019999999999999,1.6427586206896554,distal_nondisruptor
L79H,distal,0.879,0.986,0.493,1.246,0.85,0.91,1.4982142857142857,0.898,1.5989285714285717,distal_disruptor
N86W,distal,0.843,0.864,0.679,0.649,0.643,0.9,1.5517241379310347,0.898,1.5934482758620692,distal_disruptor
P140V,distal,0.744,0.252,,,,0.9,1.5724137931034483,0.8960000000000001,1.6310344827586207,distal_disruptor
R41E,distal,0.859,0.24,0.165,0.469,0.777,0.9,1.6160714285714286,0.892,1.6721428571428572,distal_disruptor
T50V,distal,-0.135,0.478,-0.065,-0.173,-0.305,0.9,1.6125000000000003,0.898,1.6139285714285716,distal_nondisruptor
C80L,distal,-0.098,-0.081,-0.004,-0.127,-0.17,0.91,1.529310344827586,0.9019999999999999,1.629310344827586,distal_nondisruptor
F141E,distal,0.694,0.275,,,,0.9,1.6310344827586207,0.898,1.6313793103448275,distal_disruptor
F78V,distal,0.16,0.188,0.504,0.304,0.221,0.91,1.4866666666666668,0.9040000000000001,1.4986666666666664,distal_nondisruptor
L79I,distal,-0.168,0.129,-0.099,-0.077,-0.03,0.9,1.7241379310344827,0.8960000000000001,1.7106896551724138,distal_nondisruptor
N86I,distal,0.715,0.665,0.43,0.561,0.542,0.9,1.5803571428571428,0.8939999999999999,1.6517857142857142,distal_disruptor
T58L,distal,0.116,0.324,1.227,1.19,1.077,0.9,1.7586206896551724,0.8960000000000001,1.7675862068965518,distal_nondisruptor
V7R,distal,0.738,0.115,-0.178,-0.205,0.607,0.9,1.5620689655172413,0.898,1.6624137931034482,distal_disruptor
D54I,distal,1.119,0.598,0.228,0.32,1.285,0.9,1.7750000000000001,0.892,1.775357142857143,distal_disruptor
D57G,distal,3.07,0.343,1.802,2.316,1.646,0.89,1.8586206896551725,0.884,2.1251724137931034,distal_disruptor
G77A,distal,-0.217,0.154,-0.19,-0.142,-0.237,0.91,1.5120689655172412,0.9019999999999999,1.5606896551724136,distal_nondisruptor
H95R,distal,-0.168,0.081,-0.138,-0.183,-0.097,0.9,1.5625,0.898,1.6292857142857144,distal_nondisruptor
I55E,distal,2.52,0.326,1.334,1.953,2.063,0.9,1.5814814814814813,0.8939999999999999,1.628888888888889,distal_disruptor
L56K,distal,0.873,-0.009,-0.089,0.472,1.35,0.91,1.5224137931034483,0.9019999999999999,1.6003448275862069,distal_disruptor
M111K,distal,0.772,0.73,0.459,0.778,0.494,0.91,1.5206896551724138,0.908,1.546896551724138,distal_disruptor
S17N,distal,3.038,0.031,1.977,2.388,1.945,0.9,1.6535714285714287,0.8939999999999999,1.7542857142857144,distal_disruptor
T2D,distal,-0.204,0.242,-0.154,-0.207,-0.104,0.9,1.6017857142857146,0.8960000000000001,1.633214285714286,distal_nondisruptor
V125L,distal,0.095,0.118,0.057,0.035,0.083,0.9,1.582142857142857,0.898,1.6339285714285716,distal_nondisruptor
Y40R,interface,3.161,0.139,2.001,2.702,0.984,0.86,2.9379999999999997,0.852,3.0988,interface_disruptor
S39P,interface,2.583,0.296,1.374,2.431,1.861,0.81,6.647499999999999,0.792,7.82,interface_disruptor
A11C,distal,-0.14,0.374,-0.112,-0.144,-0.2,0.91,1.4672413793103447,0.9019999999999999,1.579655172413793,distal_nondisruptor
A59I,distal,1.287,0.531,1.505,2.107,-0.6,0.9,1.7965517241379312,0.892,1.8427586206896553,distal_disruptor
D38R,interface,2.568,0.382,1.236,2.226,1.886,0.86,2.9708333333333328,0.852,3.3,interface_disruptor
D57R,distal,2.799,0.572,1.8,2.136,1.911,0.79,6.4,0.774,7.246538461538461,distal_disruptor
I36P,interface,2.435,0.028,2.104,2.349,1.617,0.89,1.863793103448276,0.852,4.327241379310345,interface_disruptor
L6I,distal,-0.185,0.23,-0.075,-0.254,-0.111,0.9,1.5344827586206897,0.8960000000000001,1.6175862068965519,distal_nondisruptor
T20F,distal,2.71,0.305,2.141,2.318,0.404,0.81,4.025,0.7900000000000001,5.432083333333333,distal_disruptor
T20W,distal,2.531,0.267,1.756,2.15,1.48,0.84,2.9420000000000006,0.8379999999999999,2.9375999999999998,distal_disruptor
T35C,interface,2.492,0.528,1.923,2.014,-0.898,0.88,1.9892857142857143,0.8779999999999999,2.1639285714285714,interface_disruptor
V7A,distal,0.179,0.447,-0.109,-0.039,0.168,0.9,1.6017857142857144,0.898,1.6564285714285714,distal_nondisruptor
D33K,interface,1.759,0.368,1.824,0.631,0.459,0.91,1.4730769230769227,0.898,1.5876923076923077,interface_disruptor
E37R,interface,2.396,0.291,-0.797,1.451,1.888,0.9,1.6327586206896552,0.8960000000000001,1.6948275862068964,interface_disruptor
F28D,interface,1.546,0.215,1.869,1.8,2.089,0.91,1.7392857142857143,0.9,1.853214285714286,interface_disruptor
G12C,distal,0.04,0.336,0.013,-0.102,-0.166,0.9,1.6222222222222227,0.8939999999999999,1.675925925925926,distal_nondisruptor
G13D,distal,-0.172,0.225,-0.149,-0.058,-0.085,0.9,1.6611111111111114,0.8939999999999999,1.6544444444444448,distal_nondisruptor
I55R,distal,2.457,0.577,2.022,2.261,1.47,0.89,1.6380000000000001,0.884,1.6652,distal_disruptor
K16L,distal,2.027,0.797,1.903,2.244,1.301,0.91,1.4392857142857143,0.9040000000000001,1.5585714285714285,distal_disruptor
S17R,distal,2.193,0.432,1.117,1.947,1.825,0.89,1.8203703703703704,0.89,1.8414814814814817,distal_disruptor
V9C,distal,0.171,0.241,-0.064,-0.084,0.298,0.9,1.5844827586206898,0.9,1.6168965517241383,distal_nondisruptor
I24C,distal,0.135,0.26,0.542,0.085,-0.013,0.91,1.4672413793103452,0.906,1.5065517241379314,distal_nondisruptor
K42A,distal,0.089,0.328,0.193,0.107,0.077,0.91,1.553448275862069,0.9019999999999999,1.5768965517241376,distal_nondisruptor
A18C,distal,0.127,0.297,-0.062,-0.013,0.32,0.9,1.6758620689655173,0.898,1.6782758620689655,distal_nondisruptor
A18F,distal,1.902,0.63,1.815,1.84,1.94,0.87,2.269230769230769,0.844,3.0534615384615384,distal_disruptor
A18L,distal,1.513,0.56,1.819,1.581,1.99,0.9,1.7620689655172415,0.892,1.9741379310344827,distal_disruptor
A59L,distal,1.295,0.645,1.667,2.091,-0.942,0.9,1.7310344827586206,0.8859999999999999,1.9803448275862068,distal_disruptor
K16S,distal,0.133,0.47,-0.079,-0.08,0.48,0.9,1.5683333333333331,0.898,1.611,distal_nondisruptor
K16V,distal,1.822,0.621,1.571,2.082,1.838,0.9,1.6241379310344828,0.8939999999999999,1.7093103448275861,distal_disruptor
P34D,interface,1.435,0.111,1.222,1.498,1.424,0.9,1.6916666666666669,0.898,1.7310000000000003,interface_disruptor
Q25P,interface,1.306,0.072,,1.395,1.271,0.81,4.34074074074074,0.804,4.787407407407407,interface_disruptor
T58K,distal,1.118,0.687,1.208,1.561,0.895,0.91,1.5362068965517244,0.9019999999999999,1.6113793103448273,distal_disruptor
V14G,distal,-0.132,0.438,-0.065,-0.113,0.074,0.91,1.443103448275862,0.9040000000000001,1.5182758620689654,distal_nondisruptor
