iptm,pae_mean,pae_min,pae_p10,tm_max,pae_energy,tm_energy,mutation,category
0.834,3.6385185185185187,2.1799999999999997,2.586,0.9533386378735258,3.500724145475374,4.442827080777118,A146F,distal_disruptor
0.892,1.6644444444444446,1.1,1.22,0.988007481032124,1.6458411364485965,4.859860324854764,I21D,distal_disruptor
0.9019999999999999,1.5910344827586207,1.06,1.1800000000000002,0.988866399731565,1.577147972486793,4.8723193288618685,L19I,distal_nondisruptor
0.9,1.6439285714285714,1.1,1.2,0.9880446596186147,1.6276310208999143,4.86372181097107,L23R,distal_nondisruptor
0.9019999999999999,1.5379310344827586,1.08,1.168,0.9884555296750899,1.5278789413424798,4.88124178811045,Q22K,distal_nondisruptor
0.9019999999999999,1.5374999999999999,1.08,1.16,0.9884555296750899,1.5252791737789402,4.880662615263172,R41A,distal_nondisruptor
0.8939999999999999,1.6051851851851855,1.1,1.2,0.9880446596186147,1.5924474533984312,4.8706060239500015,R41D,distal_disruptor
0.908,1.5610344827586207,1.0399999999999998,1.1400000000000001,0.98927726978804,1.5480320198149993,4.876903471428928,T20C,distal_nondisruptor
0.898,1.7442857142857142,1.1600000000000001,1.2899999999999998,0.9867005136897171,1.7281522029659104,4.848006384277943,D54K,distal_disruptor
0.8880000000000001,1.7634615384615384,1.2200000000000002,1.342,0.985319705804708,1.7482508524785583,4.8453002063895845,I21K,distal_disruptor
0.8939999999999999,1.6853571428571428,1.1800000000000002,1.2799999999999998,0.9862524650467513,1.6705749872090174,4.8577841868202,I93H,distal_disruptor
0.9019999999999999,1.5903571428571428,1.08,1.19,0.9884555296750899,1.5785020622433377,4.872985419130425,L53D,distal_disruptor
0.8960000000000001,1.7931034482758623,1.2,1.334,0.985767754447674,1.7767524863504633,4.839980734548989,Q43C,distal_nondisruptor
0.9,1.5796551724137933,1.1,1.2,0.9880446596186147,1.5687228407838298,4.874910799379046,T58R,distal_disruptor
0.898,1.5525925925925925,1.08,1.1520000000000001,0.9884555296750899,1.5389160333035303,4.878043870402501,V44R,distal_nondisruptor
0.9,1.6220689655172418,1.1,1.1800000000000002,0.988007481032124,1.6079898024909252,4.867656724714925,V45M,distal_nondisruptor
0.9,1.595925925925926,1.1,1.206,0.988007481032124,1.582962707322428,4.871734318685824,C51V,distal_nondisruptor
0.9,1.5779310344827586,1.08,1.1880000000000002,0.9884555296750899,1.564090704382394,4.8743359270147595,I163H,distal_disruptor
0.9019999999999999,1.5927586206896553,1.08,1.1800000000000002,0.9884555296750899,1.5759454263923232,4.871172471353502,I55A,distal_nondisruptor
0.898,1.5951724137931036,1.06,1.2,0.988866399731565,1.5816151337551538,4.8716590602004075,L52A,distal_nondisruptor
0.9019999999999999,1.6427586206896554,1.1,1.2,0.987932646974777,1.629537974213779,4.8640811709485705,L56Y,distal_nondisruptor
0.898,1.5989285714285717,1.06,1.2,0.988866399731565,1.5851588991476757,4.871080707396371,L79H,distal_disruptor
0.898,1.5934482758620692,1.08,1.1800000000000002,0.9884555296750899,1.579432173701397,4.871947930218439,N86W,distal_disruptor
0.8960000000000001,1.6310344827586207,1.08,1.2,0.9884555296750899,1.6163155297100396,4.866096276213696,P140V,distal_disruptor
0.892,1.6721428571428572,1.1,1.25,0.9880446596186147,1.6576622390213558,4.859843813233886,R41E,distal_disruptor
0.898,1.6139285714285716,1.1,1.2,0.9880446596186147,1.5998152750349146,4.868925390486616,T50V,distal_nondisruptor
0.9019999999999999,1.629310344827586,1.08,1.2,0.9884555296750899,1.6150809684332734,4.866422929762842,C80L,distal_nondisruptor
0.898,1.6313793103448275,1.1,1.2,0.9880446596186147,1.616488937397694,4.866038574873887,F141E,distal_disruptor
0.9040000000000001,1.4986666666666664,1.02,1.1,0.989688139844515,1.4870670365381673,4.886404835048758,F78V,distal_nondisruptor
0.8960000000000001,1.7106896551724138,1.12,1.2740000000000002,0.9875966109756489,1.6944517131465815,4.853414680974813,L79I,distal_nondisruptor
0.8939999999999999,1.6517857142857142,1.1400000000000001,1.23,0.987148562332683,1.636419693348881,4.8627766046656795,N86I,distal_disruptor
0.8960000000000001,1.7675862068965518,1.2,1.3199999999999998,0.985767754447674,1.7536614435703626,4.844739921550419,T58L,distal_nondisruptor
0.898,1.6624137931034482,1.1,1.2799999999999998,0.988007481032124,1.6487249887766091,4.86155108635647,V7R,distal_disruptor
0.892,1.775357142857143,1.1800000000000002,1.3,0.9862524650467513,1.7599159508336832,4.843189633929522,D54I,distal_disruptor
0.884,2.1251724137931034,1.44,1.6,0.9796285937375423,2.1060162937385654,4.7798669623965955,D57G,distal_disruptor
0.9019999999999999,1.5606896551724136,1.08,1.174,0.9884555296750899,1.5482071417249519,4.877227558743947,G77A,distal_nondisruptor
0.898,1.6292857142857144,1.1400000000000001,1.23,0.987148562332683,1.6154059031018764,4.866590305567071,H95R,distal_nondisruptor
0.8939999999999999,1.628888888888889,1.1,1.212,0.988007481032124,1.6133252537278189,4.86621529912272,I55E,distal_disruptor
0.9019999999999999,1.6003448275862069,1.12,1.1800000000000002,0.9875594323891581,1.5891408366535953,4.871671420353575,L56K,distal_disruptor
0.908,1.546896551724138,1.0399999999999998,1.1540000000000001,0.98927726978804,1.5341601116696548,4.879188240982498,M111K,distal_disruptor
0.8939999999999999,1.7542857142857144,1.1400000000000001,1.26,0.9871113837461923,1.7364731168751029,4.845896358393345,S17N,distal_disruptor
0.8960000000000001,1.633214285714286,1.1,1.2,0.988007481032124,1.6173534566674639,4.86552582293658,T2D,distal_nondisruptor
0.898,1.6339285714285716,1.1,1.2,0.9880446596186147,1.6197714484497012,4.865847571164355,V125L,distal_nondisruptor
0.852,3.0988,1.8800000000000001,2.2,0.9657854737281315,3.050262964210998,4.564966900190403,Y40R,interface_disruptor
0.792,7.82,5.68,6.25,0.756373058593762,7.665384816352288,3.197290504815369,S39P,interface_disruptor
0.9019999999999999,1.579655172413793,1.08,1.16,0.988418351088599,1.5651926628191397,4.873658156566354,A11C,distal_nondisruptor
0.892,1.8427586206896553,1.2,1.3279999999999998,0.9858044164037855,1.8232466354949388,4.831102260461373,A59I,distal_disruptor
0.852,3.3,2.14,2.456,0.9557186184009094,3.2554499344536163,4.511727354733338,D38R,interface_disruptor
0.774,7.246538461538461,4.64,5.314,0.8222876298325602,7.003188589542141,3.4090508316826806,D57R,distal_disruptor
0.852,4.327241379310345,2.06,2.4219999999999997,0.9461477660448219,3.8830731816791313,4.326217467812462,I36P,interface_disruptor
0.8960000000000001,1.6175862068965519,1.1,1.1940000000000002,0.9880446596186147,1.6034277974249609,4.86827126123007,L6I,distal_nondisruptor
0.7900000000000001,5.432083333333333,3.5200000000000005,4.1080000000000005,0.8881991394656051,5.319317525190977,3.910946832181581,T20F,distal_disruptor
0.8379999999999999,2.9375999999999998,1.9600000000000002,2.1760000000000006,0.9629228415953875,2.890329395799545,4.604489030239087,T20W,distal_disruptor
0.8779999999999999,2.1639285714285714,1.36,1.56,0.9818184104869371,2.1310440577728333,4.771344323361123,T35C,interface_disruptor
0.898,1.6564285714285714,1.1,1.23,0.9880446596186147,1.6409873566333253,4.862075576437234,V7A,distal_nondisruptor
0.898,1.5876923076923077,1.1,1.2,0.988007481032124,1.5748258759071423,4.8729751870007645,D33K,interface_disruptor
0.8960000000000001,1.6948275862068964,1.1,1.2799999999999998,0.9880446596186147,1.681037963158089,4.856505920670402,E37R,interface_disruptor
0.9,1.853214285714286,1.12,1.2899999999999998,0.9875966109756489,1.7978237819540337,4.827213347849239,F28D,interface_disruptor
0.8939999999999999,1.675925925925926,1.1600000000000001,1.26,0.9867005136897171,1.6611840503669106,4.859208811807837,G12C,distal_nondisruptor
0.8939999999999999,1.6544444444444448,1.12,1.252,0.9875966109756489,1.6411270280585555,4.86296724838124,G13D,distal_nondisruptor
0.884,1.6652,1.1,1.2399999999999998,0.9880446596186147,1.6497594567277312,4.8608018069157515,I55R,distal_disruptor
0.9040000000000001,1.5585714285714285,1.06,1.1600000000000001,0.988866399731565,1.5429592384661455,4.876533839513874,K16L,distal_disruptor
0.89,1.8414814814814817,1.2,1.3199999999999998,0.9858044164037855,1.8191420500283861,4.830808229140682,S17R,distal_disruptor
0.9,1.6168965517241383,1.08,1.1800000000000002,0.9884555296750899,1.6019046414166298,4.868174949756201,V9C,distal_nondisruptor
0.906,1.5065517241379314,1.06,1.1540000000000001,0.988866399731565,1.4966508485696877,4.885800489503563,I24C,distal_nondisruptor
0.9019999999999999,1.5768965517241376,1.1,1.1940000000000002,0.9880446596186147,1.5655616605237803,4.8751646904963435,K42A,distal_nondisruptor
0.898,1.6782758620689655,1.1400000000000001,1.234,0.987148562332683,1.6619511266884615,4.85843362922577,A18C,distal_nondisruptor
0.844,3.0534615384615384,2.02,2.2619999999999996,0.9588782853751692,2.975640470225875,4.576525547109915,A18F,distal_disruptor
0.892,1.9741379310344827,1.24,1.394,0.9846539418147726,1.9361533374065636,4.804871959862001,A18L,distal_disruptor
0.8859999999999999,1.9803448275862068,1.28,1.4,0.9837928050099544,1.9557287957878793,4.805604548615967,A59L,distal_disruptor
0.898,1.611,1.12,1.198,0.9875966109756489,1.59692648874748,4.868985273186092,K16S,distal_nondisruptor
0.8939999999999999,1.7093103448275861,1.1,1.26,0.988007481032124,1.691457984982294,4.853001223754682,K16V,distal_disruptor
0.898,1.7310000000000003,1.1400000000000001,1.2399999999999998,0.987148562332683,1.7108092431972461,4.8492936956322374,P34D,interface_disruptor
0.804,4.787407407407407,2.5800000000000005,3.038,0.9371072780309267,4.5436428335729895,4.16087725506986,Q25P,interface_disruptor
0.9019999999999999,1.6113793103448273,1.1,1.1800000000000002,0.9880446596186147,1.5967816944155186,4.869092728582407,T58K,distal_disruptor
0.9040000000000001,1.5182758620689654,1.0399999999999998,1.1280000000000001,0.98927726978804,1.504088441791342,4.882790599776842,V14G,distal_nondisruptor
